{
    "name": "root",
    "gauges": {
        "Keeper.Policy.Entropy.mean": {
            "value": 0.1826198846101761,
            "min": 0.09008179605007172,
            "max": 1.0912482738494873,
            "count": 500
        },
        "Keeper.Policy.Entropy.sum": {
            "value": 367.06597900390625,
            "min": 179.44293212890625,
            "max": 2199.95654296875,
            "count": 500
        },
        "Keeper.Step.mean": {
            "value": 999998.0,
            "min": 1999.0,
            "max": 999998.0,
            "count": 500
        },
        "Keeper.Step.sum": {
            "value": 999998.0,
            "min": 1999.0,
            "max": 999998.0,
            "count": 500
        },
        "Keeper.Policy.ExtrinsicValueEstimate.mean": {
            "value": 0.786821186542511,
            "min": -0.5808281302452087,
            "max": 0.7955482602119446,
            "count": 500
        },
        "Keeper.Policy.ExtrinsicValueEstimate.sum": {
            "value": 653.0615844726562,
            "min": -444.91436767578125,
            "max": 659.5225830078125,
            "count": 500
        },
        "Keeper.Environment.EpisodeLength.mean": {
            "value": 6.225806451612903,
            "min": 6.212230215827338,
            "max": 7.020242914979757,
            "count": 500
        },
        "Keeper.Environment.EpisodeLength.sum": {
            "value": 1737.0,
            "min": 1681.0,
            "max": 1762.0,
            "count": 500
        },
        "Keeper.Environment.CumulativeReward.mean": {
            "value": 1.0,
            "min": -1.319838056680162,
            "max": 1.0,
            "count": 500
        },
        "Keeper.Environment.CumulativeReward.sum": {
            "value": 276.0,
            "min": -326.0,
            "max": 279.0,
            "count": 500
        },
        "Keeper.Policy.ExtrinsicReward.mean": {
            "value": 1.0,
            "min": -1.319838056680162,
            "max": 1.0,
            "count": 500
        },
        "Keeper.Policy.ExtrinsicReward.sum": {
            "value": 276.0,
            "min": -326.0,
            "max": 279.0,
            "count": 500
        },
        "Keeper.Losses.PolicyLoss.mean": {
            "value": 0.1290856832638383,
            "min": 0.1076795515449097,
            "max": 0.1507613985450007,
            "count": 500
        },
        "Keeper.Losses.PolicyLoss.sum": {
            "value": 1.0326854661107063,
            "min": 0.7537568608143679,
            "max": 1.2060911883600056,
            "count": 500
        },
        "Keeper.Losses.ValueLoss.mean": {
            "value": 0.00027279058106917853,
            "min": 0.000232810191050703,
            "max": 0.44213010854132123,
            "count": 500
        },
        "Keeper.Losses.ValueLoss.sum": {
            "value": 0.0021823246485534282,
            "min": 0.001707231960911789,
            "max": 3.0949107597892485,
            "count": 500
        },
        "Keeper.Policy.LearningRate.mean": {
            "value": 2.8273740578749644e-07,
            "min": 2.8273740578749644e-07,
            "max": 0.0002996853001048999,
            "count": 500
        },
        "Keeper.Policy.LearningRate.sum": {
            "value": 2.2618992462999715e-06,
            "min": 2.2618992462999715e-06,
            "max": 0.0023927898024034,
            "count": 500
        },
        "Keeper.Policy.Epsilon.mean": {
            "value": 0.1000942125,
            "min": 0.1000942125,
            "max": 0.19989510000000002,
            "count": 500
        },
        "Keeper.Policy.Epsilon.sum": {
            "value": 0.8007537,
            "min": 0.7034808000000001,
            "max": 1.5975966000000001,
            "count": 500
        },
        "Keeper.Policy.Beta.mean": {
            "value": 1.4701203749999942e-05,
            "min": 1.4701203749999942e-05,
            "max": 0.0049947654900000015,
            "count": 500
        },
        "Keeper.Policy.Beta.sum": {
            "value": 0.00011760962999999953,
            "min": 0.00011760962999999953,
            "max": 0.039880070340000004,
            "count": 500
        },
        "Keeper.IsTraining.mean": {
            "value": 1.0,
            "min": 1.0,
            "max": 1.0,
            "count": 500
        },
        "Keeper.IsTraining.sum": {
            "value": 1.0,
            "min": 1.0,
            "max": 1.0,
            "count": 500
        }
    },
    "metadata": {
        "timer_format_version": "0.1.0",
        "start_time_seconds": "1641580617",
        "python_version": "3.9.7 (default, Sep 16 2021, 16:59:28) [MSC v.1916 64 bit (AMD64)]",
        "command_line_arguments": "C:\\Users\\woutv\\anaconda3\\envs\\mlagents\\Scripts\\mlagents-learn Keeper.yaml --run-id Training06",
        "mlagents_version": "0.27.0",
        "mlagents_envs_version": "0.27.0",
        "communication_protocol_version": "1.5.0",
        "pytorch_version": "1.7.1+cu110",
        "numpy_version": "1.21.4",
        "end_time_seconds": "1641582878"
    },
    "total": 2261.3822774,
    "count": 1,
    "self": 0.008182200000192097,
    "children": {
        "run_training.setup": {
            "total": 0.056419,
            "count": 1,
            "self": 0.056419
        },
        "TrainerController.start_learning": {
            "total": 2261.3176762,
            "count": 1,
            "self": 3.6584920999966926,
            "children": {
                "TrainerController._reset_env": {
                    "total": 7.6220462,
                    "count": 1,
                    "self": 7.6220462
                },
                "TrainerController.advance": {
                    "total": 2250.0037810000026,
                    "count": 271462,
                    "self": 1.8153126000397606,
                    "children": {
                        "env_step": {
                            "total": 2248.188468399963,
                            "count": 271462,
                            "self": 1776.7939025000155,
                            "children": {
                                "SubprocessEnvManager._take_step": {
                                    "total": 469.3951768999899,
                                    "count": 271462,
                                    "self": 6.0894938999683745,
                                    "children": {
                                        "TorchPolicy.evaluate": {
                                            "total": 463.30568300002153,
                                            "count": 166675,
                                            "self": 172.5696870000371,
                                            "children": {
                                                "TorchPolicy.sample_actions": {
                                                    "total": 290.7359959999844,
                                                    "count": 166675,
                                                    "self": 290.7359959999844
                                                }
                                            }
                                        }
                                    }
                                },
                                "workers": {
                                    "total": 1.9993889999574321,
                                    "count": 271462,
                                    "self": 0.0,
                                    "children": {
                                        "worker_root": {
                                            "total": 2249.7833438999937,
                                            "count": 271462,
                                            "is_parallel": true,
                                            "self": 1069.8283104999593,