{
    "name": "root",
    "gauges": {
        "Keeper.Policy.Entropy.mean": {
            "value": 0.44173482060432434,
            "min": 0.44173482060432434,
            "max": 1.0977177619934082,
            "count": 6
        },
        "Keeper.Policy.Entropy.sum": {
            "value": 903.7894287109375,
            "min": 903.7894287109375,
            "max": 2212.9990234375,
            "count": 6
        },
        "Keeper.Step.mean": {
            "value": 11999.0,
            "min": 1999.0,
            "max": 11999.0,
            "count": 6
        },
        "Keeper.Step.sum": {
            "value": 11999.0,
            "min": 1999.0,
            "max": 11999.0,
            "count": 6
        },
        "Keeper.Policy.ExtrinsicValueEstimate.mean": {
            "value": -1.2688560485839844,
            "min": -1.2688560485839844,
            "max": -0.5000702738761902,
            "count": 6
        },
        "Keeper.Policy.ExtrinsicValueEstimate.sum": {
            "value": -935.1469116210938,
            "min": -935.1469116210938,
            "max": -372.5523681640625,
            "count": 6
        },
        "Keeper.Environment.EpisodeLength.mean": {
            "value": 7.150793650793651,
            "min": 6.9603174603174605,
            "max": 7.150793650793651,
            "count": 6
        },
        "Keeper.Environment.EpisodeLength.sum": {
            "value": 1802.0,
            "min": 1712.0,
            "max": 1802.0,
            "count": 6
        },
        "Keeper.Environment.CumulativeReward.mean": {
            "value": -1.8299595141700404,
            "min": -1.8299595141700404,
            "max": -1.1752988047808766,
            "count": 6
        },
        "Keeper.Environment.CumulativeReward.sum": {
            "value": -452.0,
            "min": -452.0,
            "max": -295.0,
            "count": 6
        },
        "Keeper.Policy.ExtrinsicReward.mean": {
            "value": -1.8299595141700404,
            "min": -1.8299595141700404,
            "max": -1.1752988047808766,
            "count": 6
        },
        "Keeper.Policy.ExtrinsicReward.sum": {
            "value": -452.0,
            "min": -452.0,
            "max": -295.0,
            "count": 6
        },
        "Keeper.Losses.PolicyLoss.mean": {
            "value": 0.1342604259940951,
            "min": 0.12672358714709325,
            "max": 0.13884913350921124,
            "count": 6
        },
        "Keeper.Losses.PolicyLoss.sum": {
            "value": 1.0740834079527608,
            "min": 0.8870651100296527,
            "max": 1.11079306807369,
            "count": 6
        },
        "Keeper.Losses.ValueLoss.mean": {
            "value": 0.08160983014386147,
            "min": 0.08160983014386147,
            "max": 0.40733102216784445,
            "count": 6
        },
        "Keeper.Losses.ValueLoss.sum": {
            "value": 0.6528786411508918,
            "min": 0.6528786411508918,
            "max": 2.851317155174911,
            "count": 6
        },
        "Keeper.Policy.LearningRate.mean": {
            "value": 0.00029667498860833747,
            "min": 0.00029667498860833747,
            "max": 0.0002996896286748857,
            "count": 6
        },
        "Keeper.Policy.LearningRate.sum": {
            "value": 0.0023733999088666998,
            "min": 0.0020852271049242995,
            "max": 0.0023928312023896,
            "count": 6
        },
        "Keeper.Policy.Epsilon.mean": {
            "value": 0.1988916625,
            "min": 0.1988916625,
            "max": 0.1998965428571429,
            "count": 6
        },
        "Keeper.Policy.Epsilon.sum": {
            "value": 1.5911333,
            "min": 1.3950757,
            "max": 1.5976104000000002,
            "count": 6
        },
        "Keeper.Policy.Beta.mean": {
            "value": 0.00494469395875,
            "min": 0.00494469395875,
            "max": 0.004994837488571429,
            "count": 6
        },
        "Keeper.Policy.Beta.sum": {
            "value": 0.03955755167,
            "min": 0.03475427743,
            "max": 0.03988075896,
            "count": 6
        },
        "Keeper.IsTraining.mean": {
            "value": 1.0,
            "min": 1.0,
            "max": 1.0,
            "count": 6
        },
        "Keeper.IsTraining.sum": {
            "value": 1.0,
            "min": 1.0,
            "max": 1.0,
            "count": 6
        }
    },
    "metadata": {
        "timer_format_version": "0.1.0",
        "start_time_seconds": "1641578837",
        "python_version": "3.9.7 (default, Sep 16 2021, 16:59:28) [MSC v.1916 64 bit (AMD64)]",
        "command_line_arguments": "C:\\Users\\woutv\\anaconda3\\envs\\mlagents\\Scripts\\mlagents-learn Keeper.yaml --run-id Training04",
        "mlagents_version": "0.27.0",
        "mlagents_envs_version": "0.27.0",
        "communication_protocol_version": "1.5.0",
        "pytorch_version": "1.7.1+cu110",
        "numpy_version": "1.21.4",
        "end_time_seconds": "1641578872"
    },
    "total": 35.087061,
    "count": 1,
    "self": 0.003840500000002578,
    "children": {
        "run_training.setup": {
            "total": 0.056090000000000084,
            "count": 1,
            "self": 0.056090000000000084
        },
        "TrainerController.start_learning": {
            "total": 35.0271305,
            "count": 1,
            "self": 0.05590129999995952,
            "children": {
                "TrainerController._reset_env": {
                    "total": 5.3821606,
                    "count": 1,
                    "self": 5.3821606
                },
                "TrainerController.advance": {
                    "total": 29.54092720000004,
                    "count": 3560,
                    "self": 0.02482840000005737,
                    "children": {
                        "env_step": {
                            "total": 29.516098799999984,
                            "count": 3560,
                            "self": 22.623460099999765,
                            "children": {
                                "SubprocessEnvManager._take_step": {
                                    "total": 6.8667366000000065,
                                    "count": 3560,
                                    "self": 0.08272030000004005,
                                    "children": {
                                        "TorchPolicy.evaluate": {
                                            "total": 6.7840162999999665,
                                            "count": 2274,
                                            "self": 2.4412548999998442,
                                            "children": {
                                                "TorchPolicy.sample_actions": {
                                                    "total": 4.342761400000122,
                                                    "count": 2274,
                                                    "self": 4.342761400000122
                                                }
                                            }
                                        }
                                    }
                                },
                                "workers": {
                                    "total": 0.02590210000021198,
                                    "count": 3559,
                                    "self": 0.0,
                                    "children": {
                                        "worker_root": {
                                            "total": 30.258404499999866,
                                            "count": 3559,
                                            "is_parallel": true,
                                            "self": 15.674074999999853,