{
    "name": "root",
    "gauges": {
        "Keeper.Policy.Entropy.mean": {
            "value": 0.23195014894008636,
            "min": 0.20214486122131348,
            "max": 1.097198724746704,
            "count": 33
        },
        "Keeper.Policy.Entropy.sum": {
            "value": 462.0447082519531,
            "min": 403.88543701171875,
            "max": 2198.7861328125,
            "count": 33
        },
        "Keeper.Step.mean": {
            "value": 65997.0,
            "min": 1997.0,
            "max": 65997.0,
            "count": 33
        },
        "Keeper.Step.sum": {
            "value": 65997.0,
            "min": 1997.0,
            "max": 65997.0,
            "count": 33
        },
        "Keeper.Policy.ExtrinsicValueEstimate.mean": {
            "value": -1.427164912223816,
            "min": -1.4342564344406128,
            "max": -0.8055028319358826,
            "count": 33
        },
        "Keeper.Policy.ExtrinsicValueEstimate.sum": {
            "value": -1043.257568359375,
            "min": -1049.875732421875,
            "max": -604.9326171875,
            "count": 33
        },
        "Keeper.Environment.EpisodeLength.mean": {
            "value": 7.194214876033058,
            "min": 6.940476190476191,
            "max": 7.204918032786885,
            "count": 33
        },
        "Keeper.Environment.EpisodeLength.sum": {
            "value": 1741.0,
            "min": 1725.0,
            "max": 1797.0,
            "count": 33
        },
        "Keeper.Environment.CumulativeReward.mean": {
            "value": -1.987603305785124,
            "min": -2.0,
            "max": -1.1428571428571428,
            "count": 33
        },
        "Keeper.Environment.CumulativeReward.sum": {
            "value": -481.0,
            "min": -490.0,
            "max": -288.0,
            "count": 33
        },
        "Keeper.Policy.ExtrinsicReward.mean": {
            "value": -1.987603305785124,
            "min": -2.0,
            "max": -1.1428571428571428,
            "count": 33
        },
        "Keeper.Policy.ExtrinsicReward.sum": {
            "value": -481.0,
            "min": -490.0,
            "max": -288.0,
            "count": 33
        },
        "Keeper.Losses.PolicyLoss.mean": {
            "value": 0.11903432684872921,
            "min": 0.10982124841151139,
            "max": 0.14994242784034992,
            "count": 33
        },
        "Keeper.Losses.PolicyLoss.sum": {
            "value": 0.9522746147898337,
            "min": 0.869906393888717,
            "max": 1.1725306915662561,
            "count": 33
        },
        "Keeper.Losses.ValueLoss.mean": {
            "value": 0.023636724128058024,
            "min": 0.017476351418909398,
            "max": 0.34186907959658475,
            "count": 33
        },
        "Keeper.Losses.ValueLoss.sum": {
            "value": 0.1890937930244642,
            "min": 0.12233445993236577,
            "max": 2.393083557176093,
            "count": 33
        },
        "Keeper.Policy.LearningRate.mean": {
            "value": 0.00028052355649214997,
            "min": 0.00028052355649214997,
            "max": 0.0002996880858182571,
            "count": 33
        },
        "Keeper.Policy.LearningRate.sum": {
            "value": 0.0022441884519371997,
            "min": 0.0019677915440695,
            "max": 0.0023928039023987,
            "count": 33
        },
        "Keeper.Policy.Epsilon.mean": {
            "value": 0.19350785000000004,
            "min": 0.19350785000000004,
            "max": 0.19989602857142857,
            "count": 33
        },
        "Keeper.Policy.Epsilon.sum": {
            "value": 1.5480628000000003,
            "min": 1.3559305,
            "max": 1.5976013000000002,
            "count": 33
        },
        "Keeper.Policy.Beta.mean": {
            "value": 0.004676041715,
            "min": 0.004676041715,
            "max": 0.004994811825714286,
            "count": 33
        },
        "Keeper.Policy.Beta.sum": {
            "value": 0.03740833372,
            "min": 0.03280093195,
            "max": 0.03988030487000001,
            "count": 33
        },
        "Keeper.IsTraining.mean": {
            "value": 1.0,
            "min": 1.0,
            "max": 1.0,
            "count": 33
        },
        "Keeper.IsTraining.sum": {
            "value": 1.0,
            "min": 1.0,
            "max": 1.0,
            "count": 33
        }
    },
    "metadata": {
        "timer_format_version": "0.1.0",
        "start_time_seconds": "1641578452",
        "python_version": "3.9.7 (default, Sep 16 2021, 16:59:28) [MSC v.1916 64 bit (AMD64)]",
        "command_line_arguments": "C:\\Users\\woutv\\anaconda3\\envs\\mlagents\\Scripts\\mlagents-learn Keeper.yaml --run-id Training03",
        "mlagents_version": "0.27.0",
        "mlagents_envs_version": "0.27.0",
        "communication_protocol_version": "1.5.0",
        "pytorch_version": "1.7.1+cu110",
        "numpy_version": "1.21.4",
        "end_time_seconds": "1641578605"
    },
    "total": 152.7899332,
    "count": 1,
    "self": 0.00361240000000862,
    "children": {
        "run_training.setup": {
            "total": 0.056139699999999904,
            "count": 1,
            "self": 0.056139699999999904
        },
        "TrainerController.start_learning": {
            "total": 152.7301811,
            "count": 1,
            "self": 0.24144370000033177,
            "children": {
                "TrainerController._reset_env": {
                    "total": 5.1994967,
                    "count": 1,
                    "self": 5.1994967
                },
                "TrainerController.advance": {
                    "total": 147.24178289999966,
                    "count": 17404,
                    "self": 0.12057889999817917,
                    "children": {
                        "env_step": {
                            "total": 147.12120400000148,
                            "count": 17404,
                            "self": 115.87933000000135,
                            "children": {
                                "SubprocessEnvManager._take_step": {
                                    "total": 31.11469009999998,
                                    "count": 17404,
                                    "self": 0.4070397999992821,
                                    "children": {
                                        "TorchPolicy.evaluate": {
                                            "total": 30.707650300000697,
                                            "count": 11081,
                                            "self": 11.153997099999799,
                                            "children": {
                                                "TorchPolicy.sample_actions": {
                                                    "total": 19.5536532000009,
                                                    "count": 11080,
                                                    "self": 19.5536532000009
                                                }
                                            }
                                        }
                                    }
                                },
                                "workers": {
                                    "total": 0.12718390000015134,
                                    "count": 17403,
                                    "self": 0.0,
                                    "children": {
                                        "worker_root": {
                                            "total": 147.93808150000123,
                                            "count": 17403,
                                            "is_parallel": true,
                                            "self": 70.14122750000224,