{
    "name": "root",
    "gauges": {
        "Keeper.Policy.Entropy.mean": {
            "value": 0.31159254908561707,
            "min": 0.15113237500190735,
            "max": 0.8637747764587402,
            "count": 470
        },
        "Keeper.Policy.Entropy.sum": {
            "value": 624.4314575195312,
            "min": 294.7081298828125,
            "max": 1736.187255859375,
            "count": 470
        },
        "Keeper.Step.mean": {
            "value": 999999.0,
            "min": 61999.0,
            "max": 999999.0,
            "count": 470
        },
        "Keeper.Step.sum": {
            "value": 999999.0,
            "min": 61999.0,
            "max": 999999.0,
            "count": 470
        },
        "Keeper.Policy.ExtrinsicValueEstimate.mean": {
            "value": 0.2912997305393219,
            "min": 0.13856332004070282,
            "max": 0.3761606216430664,
            "count": 470
        },
        "Keeper.Policy.ExtrinsicValueEstimate.sum": {
            "value": 196.91860961914062,
            "min": 94.22305297851562,
            "max": 254.66073608398438,
            "count": 470
        },
        "Keeper.Environment.EpisodeLength.mean": {
            "value": 31.508196721311474,
            "min": 31.03174603174603,
            "max": 32.483870967741936,
            "count": 470
        },
        "Keeper.Environment.EpisodeLength.sum": {
            "value": 1922.0,
            "min": 1316.0,
            "max": 2079.0,
            "count": 470
        },
        "Keeper.Environment.CumulativeReward.mean": {
            "value": 0.8032786885245902,
            "min": 0.1,
            "max": 1.0,
            "count": 470
        },
        "Keeper.Environment.CumulativeReward.sum": {
            "value": 49.0,
            "min": 6.0,
            "max": 64.0,
            "count": 470
        },
        "Keeper.Policy.ExtrinsicReward.mean": {
            "value": 0.8032786885245902,
            "min": 0.1,
            "max": 1.0,
            "count": 470
        },
        "Keeper.Policy.ExtrinsicReward.sum": {
            "value": 49.0,
            "min": 6.0,
            "max": 64.0,
            "count": 470
        },
        "Keeper.Losses.PolicyLoss.mean": {
            "value": 0.12940804655469645,
            "min": 0.11030323980958201,
            "max": 0.1517245301843754,
            "count": 470
        },
        "Keeper.Losses.PolicyLoss.sum": {
            "value": 1.0352643724375716,
            "min": 0.7135207279740522,
            "max": 1.2028877618722618,
            "count": 470
        },
        "Keeper.Losses.ValueLoss.mean": {
            "value": 0.03027366960001624,
            "min": 0.014451456932874862,
            "max": 0.06845366537406031,
            "count": 470
        },
        "Keeper.Losses.ValueLoss.sum": {
            "value": 0.24218935680012993,
            "min": 0.078629458106055,
            "max": 0.5476293229924825,
            "count": 470
        },
        "Keeper.Policy.LearningRate.mean": {
            "value": 2.992749002750015e-07,
            "min": 2.992749002750015e-07,
            "max": 0.00028158618613794,
            "count": 470
        },
        "Keeper.Policy.LearningRate.sum": {
            "value": 2.394199202200012e-06,
            "min": 2.394199202200012e-06,
            "max": 0.0022441650519449997,
            "count": 470
        },
        "Keeper.Policy.Epsilon.mean": {
            "value": 0.100099725,
            "min": 0.100099725,
            "max": 0.19386206,
            "count": 470
        },
        "Keeper.Policy.Epsilon.sum": {
            "value": 0.8007978,
            "min": 0.7035299,
            "max": 1.5480550000000002,
            "count": 470
        },
        "Keeper.Policy.Beta.mean": {
            "value": 1.4976277500000026e-05,
            "min": 1.4976277500000026e-05,
            "max": 0.004693716794,
            "count": 470
        },
        "Keeper.Policy.Beta.sum": {
            "value": 0.00011981022000000021,
            "min": 0.00011981022000000021,
            "max": 0.0374079445,
            "count": 470
        },
        "Keeper.IsTraining.mean": {
            "value": 1.0,
            "min": 1.0,
            "max": 1.0,
            "count": 470
        },
        "Keeper.IsTraining.sum": {
            "value": 1.0,
            "min": 1.0,
            "max": 1.0,
            "count": 470
        }
    },
    "metadata": {
        "timer_format_version": "0.1.0",
        "start_time_seconds": "1640192051",
        "python_version": "3.9.7 (default, Sep 16 2021, 16:59:28) [MSC v.1916 64 bit (AMD64)]",
        "command_line_arguments": "C:\\Users\\woutv\\anaconda3\\envs\\mlagents\\Scripts\\mlagents-learn Keeper.yaml --run-id DefaultTraining06 --resume",
        "mlagents_version": "0.27.0",
        "mlagents_envs_version": "0.27.0",
        "communication_protocol_version": "1.5.0",
        "pytorch_version": "1.7.1+cu110",
        "numpy_version": "1.21.4",
        "end_time_seconds": "1640193898"
    },
    "total": 1847.1514683,
    "count": 1,
    "self": 0.004730000000108703,
    "children": {
        "run_training.setup": {
            "total": 0.07341490000000006,
            "count": 1,
            "self": 0.07341490000000006
        },
        "TrainerController.start_learning": {
            "total": 1847.0733234,
            "count": 1,
            "self": 2.4282595999845853,
            "children": {
                "TrainerController._reset_env": {
                    "total": 16.9010514,
                    "count": 1,
                    "self": 16.9010514
                },
                "TrainerController.advance": {
                    "total": 1827.716737400015,
                    "count": 179595,
                    "self": 1.286005100002967,
                    "children": {
                        "env_step": {
                            "total": 1826.430732300012,
                            "count": 179595,
                            "self": 1384.2693416000363,
                            "children": {
                                "SubprocessEnvManager._take_step": {
                                    "total": 440.8323520999852,
                                    "count": 179595,
                                    "self": 5.373077999985185,
                                    "children": {
                                        "TorchPolicy.evaluate": {
                                            "total": 435.4592741,
                                            "count": 156576,
                                            "self": 164.06643530004123,
                                            "children": {
                                                "TorchPolicy.sample_actions": {
                                                    "total": 271.3928387999588,
                                                    "count": 156576,
                                                    "self": 271.3928387999588
                                                }
                                            }
                                        }
                                    }
                                },
                                "workers": {
                                    "total": 1.32903859999049,
                                    "count": 179595,
                                    "self": 0.0,
                                    "children": {
                                        "worker_root": {
                                            "total": 1827.8018463000578,
                                            "count": 179595,
                                            "is_parallel": true,
                                            "self": 962.5137176000983,